RadioFreq,Sex,SexBin,event,RadioDays,enter,exit,Year,STUDYAREA,StudyAreaBin,Initial Fate,Final cause,PRECIP,PREVPRECIP,LIONREMOV,Lion Difference,air_coyote_density,ground_coyote_density,TotalCRD,Trap_Site,Calc_age,Capture_Date,Date_Fate,Est_Birth_Date,start of season,Trap_Site,KM_Fate,Personnel,Trap_Longitude,Trap_Latitude,Elevation,Fate_Longitude,Fate_Latitude,,,,,,,,,,,,,,,,s02
153.112,M,1,0,33,1.35,34.35,1998,56,1,shedcoll,.,6.22,5.6,1.76,0,0,0,0,STATION FORK SUBLET,1.35,6/11/1998,7/14/1998,6/9/1998,5/19/1998,STATION FORK SUBLET,1,,0,0,,0,0,,,,,,,,,,,,,,,,
153.16,F,0,0,108,14.1,122.1,1998,56,1,RadioFai,.,6.22,5.6,1.76,0,0,0,0,TRAIL CANYON,14.1,6/14/1998,9/30/1998,5/30/1998,5/19/1998,TRAIL CANYON,1,"Juza, Hurley",343421,4690005,5640,,,,,,,,,,,,,,,,,,
153.392,F,0,0,125,1.35,126.35,1998,56,1,shedcoll,.,6.22,5.6,1.76,0,0,0,0,WINDY CANYON,1.35,6/14/1998,10/17/1998,6/12/1998,5/19/1998,WINDY CANYON,1,"HURLEY, JUZA",343772,4694705,5660,0,0,,,,,,,,,,,,,,,,
153.41,M,1,0,165,1.35,166.35,1998,56,1,Radiofai,.,6.22,5.6,1.76,0,0,0,0,COLD SPRING CAN,1.35,6/18/1998,11/30/1998,6/16/1998,5/19/1998,COLD SPRING CAN,1,,0,0,,0,0,,,,,,,,,,,,,,,,
153.5,F,0,0,169,1.35,170.35,1998,56,1,shedcoll,.,6.22,5.6,1.76,0,0,0,0,WINDY CANYON,1.35,6/14/1998,11/30/1998,6/12/1998,5/19/1998,WINDY CANYON,1,,343772,4694705,5660,0,0,,,,,,,,,,,,,,,,
153.42,F,0,0,155,3.9,158.9,1998,73A,0,Radiofai,.,6.22,5.6,8.87,7.11,52.31,0,52.31,BARNARD RD,3.9,6/28/1998,11/30/1998,6/24/1998,5/19/1998,BARNARD RD,1,,349341,4713259,4920,0,0,,,,,,,,,,,,,,,,
153.541,F,0,0,121,3.9,124.9,1998,73A,0,shedcoll,.,6.22,5.6,8.87,7.11,52.31,0,52.31,BUCK CANYON,3.9,6/18/1998,10/17/1998,6/14/1998,5/19/1998,BUCK CANYON,1,"JUZA, CARSON",353194,4716187,5560,0,0,,,,,,,,,,,,,,,,
153.56,M,1,0,164,19.2,183.2,1998,73A,0,Radiofai,.,6.22,5.6,8.87,7.11,52.31,0,52.31,WATER CANYON,19.2,6/19/1998,11/30/1998,5/30/1998,5/19/1998,WATER CANYON,1,"HURLEY, CLEMENS",350792,4719607,,0,0,,,,,,,,,,,,,,,,
153.571,M,1,0,168,9,177,1998,73A,0,LegalHar,.,6.22,5.6,8.87,7.11,52.31,0,52.31,EAST FORK,9,6/15/1998,11/30/1998,6/6/1998,5/19/1998,EAST FORK,0,HURLEY,352123,4714987,5100,0,0,,,,,,,,,,,,,,,,
153.03,F,0,0,175,0,175,1999,56,1,Radiofai,.,3.91,4.81,2.64,0,0,0,0,FALL CR,0,6/8/1999,11/30/1999,6/8/1999,5/19/1999,FALL CR,1,"410, TFERGUSON",0,0,,0,0,,,,,,,,,,,,,,,,
153.05,M,1,0,115,11.55,126.55,1999,56,1,Radiofai,.,3.91,4.81,2.64,0,0,0,0,LAKE CYN,11.55,6/16/1999,10/9/1999,6/4/1999,5/19/1999,LAKE CYN,1,"GUNNELL, WALTERS",332665,4693333,,0,0,,,,,,,,,,,,,,,,
153.07,F,0,0,153,1.35,154.35,1999,56,1,Radiofai,.,3.91,4.81,2.64,0,0,0,0,S FORK SUBLETT CR,1.35,6/8/1999,11/8/1999,6/6/1999,5/19/1999,S FORK SUBLETT CR,1,"409, 430",0,0,,0,0,,,,,,,,,,,,,,,,
153.11,F,0,0,116,0,116,1999,56,1,Lostfrom,.,3.91,4.81,2.64,0,0,0,0,GUARD STATION,0,6/11/1999,10/5/1999,6/11/1999,5/19/1999,GUARD STATION,1,"BPALMER, CNIELSON",0,0,,0,0,,,,,,,,,,,,,,,,
153.12,M,1,0,91,0,91,1999,56,1,Radiofai,.,3.91,4.81,2.64,0,0,0,0,TRAIL CANYON,0,6/15/1999,9/14/1999,6/15/1999,5/19/1999,TRAIL CANYON,1,"RSMITH, RHOLMAN",0,0,,0,0,,,,,,,,,,,,,,,,
153.22,M,1,0,172,4.66,176.66,1999,56,1,shedcoll,.,3.91,4.81,2.64,0,0,0,0,HEYDLAUFF CYN,4.66,6/1/1999,11/20/1999,5/27/1999,5/19/1999,HEYDLAUFF CYN,1,JGUNNELL,343346,4686543,6160,0,0,,,,,,,,,,,,,,,,
153.291,F,0,0,176,3.9,179.9,1999,56,1,Radiofai,.,3.91,4.81,2.64,0,0,0,0,HARTLEY CANYON,3.9,6/5/1999,11/28/1999,6/1/1999,5/19/1999,HARTLEY CANYON,1,"JUZA,GUNNELL",341695,4699874,5760,0,0,,,,,,,,,,,,,,,,
153.48,F,0,0,175,11.55,186.55,1999,56,1,Radiofai,.,3.91,4.81,2.64,0,0,0,0,SHIRLEY CRK,11.55,6/17/1999,12/9/1999,6/5/1999,5/19/1999,SHIRLEY CRK,1,,0,0,,0,0,,,,,,,,,,,,,,,,
153,M,1,0,167,6.45,173.45,1999,73A,0,Radiofai,.,3.91,4.81,14.18,11.54,63.829,14.18,78.01,SAGEHEN SPRINGS,6.45,6/16/1999,11/30/1999,6/9/1999,5/19/1999,SAGEHEN SPRINGS,1,"JWALTERS, MCLEMENS",0,0,,0,0,,,,,,,,,,,,,,,,
153.01,F,0,0,169,9,178,1999,73A,0,Radiofai,.,3.91,4.81,14.18,11.54,63.829,14.18,78.01,SAGEHEN SPRINGS,9,6/14/1999,11/30/1999,6/5/1999,5/19/1999,SAGEHEN SPRINGS,1,"HURLEY, HOLLY O.",0,0,,0,0,,,,,,,,,,,,,,,,
153.02,M,1,0,96,3.9,99.9,1999,73A,0,Radiofai,.,3.91,4.81,14.18,11.54,63.829,14.18,78.01,SAGEHEN SPRINGS,3.9,6/16/1999,9/20/1999,6/12/1999,5/19/1999,SAGEHEN SPRINGS,1,"JWALTERS, MCLEMENS",0,0,,0,0,,,,,,,,,,,,,,,,
153.14,F,0,0,86,6.45,92.45,1999,73A,0,shedcoll,.,3.91,4.81,14.18,11.54,63.829,14.18,78.01,BARNARD RD,6.45,6/16/1999,9/10/1999,6/9/1999,5/19/1999,BARNARD RD,1,"JUZA, HOLLY O.",0,0,,350231,4714501,,,,,,,,,,,,,,,,
153.24,F,0,0,154,6.45,160.45,1999,73A,0,Radiofai,.,3.91,4.81,14.18,11.54,63.829,14.18,78.01,SAGEHEN SPRINGS,6.45,6/16/1999,11/17/1999,6/9/1999,5/19/1999,SAGEHEN SPRINGS,1,"503, 855",356789,4689283,6600,0,0,,,,,,,,,,,,,,,,
153.25,M,1,0,133,1.35,134.35,1999,73A,0,Radiofai,.,3.91,4.81,14.18,11.54,63.829,14.18,78.01,SAGEHEN SPRINGS,1.35,6/15/1999,10/26/1999,6/13/1999,5/19/1999,SAGEHEN SPRINGS,1,"JWALTERS, MCLEMENS",0,0,,0,0,,,,,,,,,,,,,,,,
153.28,F,0,0,146,6.45,152.45,1999,73A,0,Radiofai,.,3.91,4.81,14.18,11.54,63.829,14.18,78.01,SAGEHEN SPRINGS,6.45,6/16/1999,11/9/1999,6/9/1999,5/19/1999,SAGEHEN SPRINGS,1,"HURLEY, COMPTON",356789,4689283,6600,0,0,,,,,,,,,,,,,,,,
153.3,F,0,0,103,3.9,106.9,1999,73A,0,Radiofai,.,3.91,4.81,14.18,11.54,63.829,14.18,78.01,WATERTANK,3.9,6/9/1999,9/20/1999,6/5/1999,5/19/1999,BAKER CANYON,1,"HURLEY, AMY",363824,4693284,6560,0,0,,,,,,,,,,,,,,,,
153.32,F,0,0,172,11.55,183.55,1999,73A,0,Radiofai,.,3.91,4.81,14.18,11.54,63.829,14.18,78.01,WATERTANK,11.55,6/9/1999,11/28/1999,5/28/1999,5/19/1999,BAKER CANYON,1,"SEGLUND,HURLEY,HOLLY",363856,4693373,6450,0,0,,,,,,,,,,,,,,,,
153.331,M,1,0,92,1.35,93.35,1999,73A,0,Radiofai,.,3.91,4.81,14.18,11.54,63.829,14.18,78.01,HOLLOW CRK,1.35,6/10/1999,9/10/1999,6/8/1999,5/19/1999,BAKER CANYON,1,HURLEY,0,0,,0,0,,,,,,,,,,,,,,,,
153.34,F,0,0,139,3.9,142.9,1999,73A,0,Radiofai,.,3.91,4.81,14.18,11.54,63.829,14.18,78.01,WATERTANK,3.9,6/9/1999,10/26/1999,6/5/1999,5/19/1999,BAKER CANYON,1,"HURLEY, MITCHELL",363824,4693284,6560,0,0,,,,,,,,,,,,,,,,
153.36,M,1,0,157,1.35,158.35,1999,73A,0,Radiofai,.,3.91,4.81,14.18,11.54,63.829,14.18,78.01,LAKE CANYON,1.35,6/13/1999,11/17/1999,6/11/1999,5/19/1999,LAKE CANYON,1,"TSCOTT, KNICKISCH",0,0,,0,0,,,,,,,,,,,,,,,,
153.39,F,0,0,175,3.9,178.9,1999,73A,0,Radiofai,.,3.91,4.81,14.18,11.54,63.829,14.18,78.01,LAKE CANYON,3.9,6/8/1999,11/30/1999,6/4/1999,5/19/1999,LAKE CANYON,1,"KNICKISCH, CANDERSON",367005,4697526,5640,0,0,,,,,,,,,,,,,,,,
153.44,F,0,0,167,6.45,173.45,1999,73A,0,Radiofai,.,3.91,4.81,14.18,11.54,63.829,14.18,78.01,HOLLOW CRK,6.45,6/4/1999,11/18/1999,5/28/1999,5/19/1999,BAKER CYN,1,"HURLEY, NICK, SCOTT",364179,4695332,6280,0,0,,,,,,,,,,,,,,,,
153.45,M,1,0,174,1.35,175.35,1999,73A,0,Radiofai,.,3.91,4.81,14.18,11.54,63.829,14.18,78.01,LAKE CANYON,1.35,6/9/1999,11/30/1999,6/7/1999,5/19/1999,LAKE CANYON,1,"NICKISCH, HURLEY",366586,4698078,5960,0,0,,,,,,,,,,,,,,,,
153.47,F,0,0,162,9,171,1999,73A,0,Radiofai,.,3.91,4.81,14.18,11.54,63.829,14.18,78.01,LAKE CANYON,9,6/9/1999,11/18/1999,5/31/1999,5/19/1999,LAKE CANYON,1,"HURLEY, NICKISCH",366684,4698100,,0,0,,,,,,,,,,,,,,,,
153.49,M,1,0,127,3.9,130.9,1999,73A,0,shedcoll,.,3.91,4.81,14.18,11.54,63.829,14.18,78.01,HOLLOW CRK,3.9,6/1/1999,10/6/1999,5/28/1999,5/19/1999,BAKER CYN,1,"HURLEY, NICKISCH",365285,4695375,6080,364841,4696153,,,,,,,,,,,,,,,,
153.53,M,1,0,92,6.45,98.45,1999,73A,0,shedcoll,.,3.91,4.81,14.18,11.54,63.829,14.18,78.01,HOLLOW CRK,6.45,6/10/1999,9/10/1999,6/3/1999,5/19/1999,BAKER CYN,1,"GUNNELL,BISHOP,MIYAS",365623,4693321,,365623,4693321,,,,,,,,,,,,,,,,
153.581,M,1,0,122,3.9,125.9,1999,73A,0,Radiofai,.,3.91,4.81,14.18,11.54,63.829,14.18,78.01,COW CANYON,3.9,6/9/1999,10/9/1999,6/5/1999,5/19/1999,COW CANYON,1,BISHOP,0,0,,0,0,,,,,,,,,,,,,,,,
153.59,F,0,0,129,3.9,132.9,1999,73A,0,shedcoll,.,3.91,4.81,14.18,11.54,63.829,14.18,78.01,SAND HOLLOW,3.9,6/12/1999,10/19/1999,6/8/1999,5/19/1999,SAND HOLLOW,1,"HURLEY, SONNEN",351755,4710457,,353671,4709606,,,,,,,,,,,,,,,,
153.65,F,0,0,171,6.45,177.45,1999,73A,0,Radiofai,.,3.91,4.81,14.18,11.54,63.829,14.18,78.01,SAND HOLLOW,6.45,6/12/1999,11/30/1999,6/5/1999,5/19/1999,SAND HOLLOW,1,,351693,4710453,,0,0,,,,,,,,,,,,,,,,
153.03,F,0,0,129,3.9,132.9,2000,56,1,Radiofai,.,1.02,3,1.76,0,0,0,0,FALL CR,3.9,6/13/2000,10/20/2000,6/9/2000,5/19/2000,FALL CR,1,"HOLMAN,OLSEN,PRICE",0,0,,0,0,,,,,,,,,,,,,,,,
153.08,M,1,0,171,1.35,172.35,2000,56,1,Unknown,.,1.02,3,1.76,0,0,0,0,TWIN CANYONS,1.35,6/12/2000,11/30/2000,6/10/2000,5/19/2000,TWIN CANYONS,0,"OLSEN,HOLMAN,PRICE",0,0,,347989,4656454,,,,,,,,,,,,,,,,
153.1,M,1,0,115,6.45,121.45,2000,56,1,Radiofai,.,1.02,3,1.76,0,0,0,0,SHIRLEY CRK,6.45,6/6/2000,9/29/2000,5/30/2000,5/19/2000,SHIRLEY CRK,1,"ELAM, NIELSON",0,0,,0,0,,,,,,,,,,,,,,,,
153.16,M,1,0,107,9,116,2000,56,1,Radiofai,.,1.02,3,1.76,0,0,0,0,TRAIL CANYON,9,6/11/2000,9/26/2000,6/2/2000,5/19/2000,TRAIL CANYON,1,"GUNNELL,PORTER",0,0,,0,0,,,,,,,,,,,,,,,,
153.23,M,1,0,136,3.9,139.9,2000,56,1,Radiofai,.,1.02,3,1.76,0,0,0,0,HEYDLAUFF CYN,3.9,6/6/2000,10/20/2000,6/2/2000,5/19/2000,HEYDLAUFF CYN,1,"HOLLIE,MUIR",343476,4686526,,0,0,,,,,,,,,,,,,,,,
153.24,F,0,0,96,14.1,110.1,2000,56,1,shedcoll,.,1.02,3,1.76,0,0,0,0,LAKE/S.HEGLAR CYN,14.1,6/16/2000,9/20/2000,6/1/2000,5/19/2000,LAKE/S.HEGLAR CYN,1,"GUNNELL,SANDS",333231,4693693,,332018,4694283,,,,,,,,,,,,,,,,
153.31,M,1,0,98,6.45,104.45,2000,56,1,Radiofai,.,1.02,3,1.76,0,0,0,0,HEYDLAUFF CYN,6.45,6/15/2000,9/21/2000,6/8/2000,5/19/2000,HEYDLAUFF CYN,1,"JUZA,DAN,AMY",344153,4686216,,0,0,,,,,,,,,,,,,,,,
153.45,M,1,0,92,1.35,93.35,2000,56,1,shedcoll,.,1.02,3,1.76,0,0,0,0,SUBLETT TROUGHS,1.35,6/16/2000,9/16/2000,6/14/2000,5/19/2000,SUBLETT TROUGHS,1,"HURLEY,POWERS,HOLLIE",343406,4682352,,343345,4682431,,,,,,,,,,,,,,,,
153.5,F,0,0,76,1.35,77.35,2000,56,1,Radiofai,.,1.02,3,1.76,0,0,0,0,SIDE CANYON,1.35,6/10/2000,8/25/2000,6/8/2000,5/19/2000,SIDE CANYON,1,NONE GIVEN,342689,4695245,,0,0,,,,,,,,,,,,,,,,
153.52,F,0,0,66,3.9,69.9,2000,56,1,shedcoll,.,1.02,3,1.76,0,0,0,0,HEYDLAUFF CYN,3.9,6/7/2000,8/12/2000,6/3/2000,5/19/2000,HEYDLAUFF CYN,1,"CARLSON,MUIR",342825,4686825,,343485,4687044,,,,,,,,,,,,,,,,
153.55,M,1,0,173,1.35,174.35,2000,56,1,shedcoll,.,1.02,3,1.76,0,0,0,0,SIDE CANYON,1.35,6/10/2000,11/30/2000,6/8/2000,5/19/2000,SIDE CANYON,1,NONE GIVEN,342689,4695245,,0,0,,,,,,,,,,,,,,,,
153.62,M,1,0,168,6.45,174.45,2000,56,1,Radiofai,.,1.02,3,1.76,0,0,0,0,HEYDLAUFF CYN,6.45,6/15/2000,11/30/2000,6/8/2000,5/19/2000,HEYDLAUFF CYN,1,"JUZA,DAN",344153,4686216,,0,0,,,,,,,,,,,,,,,,
153.28,M,1,0,173,11.55,184.55,2000,73A,0,LastHear,.,1.02,3,8.87,7.11,79.78,14.18,93.97,LAKE CANYON,11.55,6/10/2000,11/30/2000,5/29/2000,5/19/2000,LAKE CANYON,1,"SEGLUND,HURLEY",366889,4698344,,0,,,,,,,,,,,,,,,,,
153.29,F,0,0,107,16.65,123.65,2000,73A,0,shedcoll,.,1.02,3,8.87,7.11,79.78,14.18,93.97,BAKER CANYON,16.65,6/11/2000,9/26/2000,5/25/2000,5/19/2000,BAKER CANYON,1,"HURLEY,SEGLUND",363707,4694510,7100,366206,4693218,,,,,,,,,,,,,,,,
153.3,F,0,0,9,3.42,12.42,2000,73A,0,shedcoll,.,1.02,3,8.87,7.11,79.78,14.18,93.97,BAKER CANYON,3.42,6/10/2000,6/19/2000,6/6/2000,5/19/2000,BAKER CANYON,1,"SEGLUND,HURLEY,CARL",363917,4693715,6480,362100,4700461,,,,,,,,,,,,,,,,
153.32,M,1,0,173,3.9,176.9,2000,73A,0,shedcoll,.,1.02,3,8.87,7.11,79.78,14.18,93.97,BAKER CANYON,3.9,6/10/2000,11/30/2000,6/6/2000,5/19/2000,BAKER CANYON,1,"HURLEY,SEGLUND, CARL",363917,4693715,6480,358154,4700303,,,,,,,,,,,,,,,,
153.33,F,0,0,30,6.45,36.45,2000,73A,0,shedcoll,.,1.02,3,8.87,7.11,79.78,14.18,93.97,BAKER CANYON,6.45,6/9/2000,7/9/2000,6/2/2000,5/19/2000,BAKER CANYON,1,"SEGLUND,HURLEY",363903,4693297,,364023,4693497,,,,,,,,,,,,,,,,
153.34,M,1,0,47,9,56,2000,73A,0,shedcoll,.,1.02,3,8.87,7.11,79.78,14.18,93.97,BAKER CANYON,9,6/9/2000,7/26/2000,5/31/2000,5/19/2000,BAKER CANYON,1,"HURLEY,SEGLUND",363903,4693297,,364080,4692744,,,,,,,,,,,,,,,,
153.35,F,0,0,71,3.9,74.9,2000,73A,0,shedcoll,.,1.02,3,8.87,7.11,79.78,14.18,93.97,LAKE CANYON,3.9,6/13/2000,8/23/2000,6/9/2000,5/19/2000,LAKE CANYON,1,"HURLEY,JULES,SCOTT",365370,4697045,,366042,4696986,,,,,,,,,,,,,,,,
153.36,M,1,0,118,9,127,2000,73A,0,Radiofai,.,1.02,3,8.87,7.11,79.78,14.18,93.97,BAKER CANYON,9,6/3/2000,9/29/2000,5/25/2000,5/19/2000,BAKER CANYON,1,"GUNNELL,MUIR",365407,4696155,6120,0,0,,,,,,,,,,,,,,,,
153.41,M,1,0,157,13.75,170.75,2000,73A,0,shedcoll,.,1.02,3,8.87,7.11,79.78,14.18,93.97,DEEP CRK PEAK,13.75,6/13/2000,11/17/2000,5/30/2000,5/19/2000,DEEP CRK PEAK,1,"COMPTON,HANSEN",0,0,,367884,4701316,,,,,,,,,,,,,,,,
153.48,M,1,0,115,6.45,121.45,2000,73A,0,Radiofai,.,1.02,3,8.87,7.11,79.78,14.18,93.97,SAGEHEN SPRINGS,6.45,6/6/2000,9/29/2000,5/30/2000,5/19/2000,SAGEHEN SPRINGS,1,"GUNNELL,MAC,SEGLUND,",357892,4688655,6600,0,0,,,,,,,,,,,,,,,,
153.56,M,1,0,126,3.9,129.9,2000,73A,0,shedcoll,.,1.02,3,8.87,7.11,79.78,14.18,93.97,N. BULL CANYON,3.9,6/17/2000,10/21/2000,6/13/2000,5/19/2000,N. BULL CANYON,1,"SCOTT,JULES,JUZA,DEB",362181,4694784,,362181,4694990,,,,,,,,,,,,,,,,
153.61,M,1,0,150,1.35,151.35,2000,73A,0,shedcoll,.,1.02,3,8.87,7.11,79.78,14.18,93.97,SAND HOLLOW,1.35,6/10/2000,11/7/2000,6/8/2000,5/19/2000,SAND HOLLOW,1,"DENNING,RAY",354370,4709819,,355655,4710054,,,,,,,,,,,,,,,,
153.63,F,0,0,82,3.9,85.9,2000,73A,0,Radiofai,.,1.02,3,8.87,7.11,79.78,14.18,93.97,BROADMOUTH CYN,3.9,6/11/2000,9/1/2000,6/7/2000,5/19/2000,BROADMOUTH CYN,1,"JUZA,SCOTT",352448,4722700,,0,0,,,,,,,,,,,,,,,,
153.65,M,1,0,167,16.65,183.65,2000,73A,0,Radiofai,.,1.02,3,8.87,7.11,79.78,14.18,93.97,EAST FORK,16.65,6/16/2000,11/30/2000,5/30/2000,5/19/2000,EAST FORK,1,"JUZA,DEBRA",352532,4716555,,0,0,,,,,,,,,,,,,,,,
153,F,0,0,164,3.9,167.9,2001,56,1,shedcoll,.,2.83,3.01,2.2,0,0,0,0,SHIRLEY CRK,3.9,6/4/2001,11/15/2001,5/31/2001,5/19/2001,SHIRLEY CRK,1,"GUNNELL, WOOTEN",328655,4692166,,325749,4692195,,,,,,,,,,,,,,,,
153.01,M,1,0,180,3.9,183.9,2001,56,1,Radiofai,.,2.83,3.01,2.2,0,0,0,0,SHIRLEY CRK,3.9,6/3/2001,11/30/2001,5/30/2001,5/19/2001,SHIRLEY CRK,1,YENGLIN,328655,4692166,,0,0,,,,,,,,,,,,,,,,
153.02,F,0,0,181,1.35,182.35,2001,56,1,shedcoll,.,2.83,3.01,2.2,0,0,0,0,VAN KAMP CRK,1.35,6/2/2001,11/30/2001,5/31/2001,5/19/2001,VAN KAMP CRK,1,"R. SMITH, YENGLIN",329067,4691434,,322378,4706832,,,,,,,,,,,,,,,,
153.04,M,1,0,178,1.35,179.35,2001,56,1,shedcoll,.,2.83,3.01,2.2,0,0,0,0,SHIRLEY CRK,1.35,6/5/2001,11/30/2001,6/3/2001,5/19/2001,SHIRLEY CRK,1,"GUNNELL, WOOTEN",327896,4691434,,322030,4697127,,,,,,,,,,,,,,,,
153.06,F,0,0,158,0,158,2001,56,1,shedcoll,.,2.83,3.01,2.2,0,0,0,0,SHIRLEY CRK,0,6/5/2001,11/10/2001,6/5/2001,5/19/2001,SHIRLEY CRK,1,"GUNNELL, WOOTEN",327636,4690766,,328640,4691178,,,,,,,,,,,,,,,,
153.07,M,1,0,163,1.35,164.35,2001,56,1,shedcoll,.,2.83,3.01,2.2,0,0,0,0,SHIRLEY CRK,1.35,6/5/2001,11/15/2001,6/3/2001,5/19/2001,SHIRLEY CRK,1,GUNNELL,327636,4690766,,328120,4691072,,,,,,,,,,,,,,,,
153.15,M,1,0,129,3.9,132.9,2001,56,1,shedcoll,.,2.83,3.01,2.2,0,0,0,0,VAN KAMP CRK,3.9,6/7/2001,10/14/2001,6/3/2001,5/19/2001,VAN KAMP CRK,1,"GUNNELL, ELAM",329742,4696327,,326500,4688200,,,,,,,,,,,,,,,,
153.17,M,1,0,176,3.9,179.9,2001,56,1,FenceAcc,.,2.83,3.01,2.2,0,0,0,0,VAN KAMP CRK,3.9,6/7/2001,11/30/2001,6/3/2001,5/19/2001,VAN KAMP CRK,0,"GUNNELL, ELAM",329742,4696327,,326360,4685667,,,,,,,,,,,,,,,,
153.18,M,1,0,172,9,181,2001,56,1,Radiofai,.,2.83,3.01,2.2,0,0,0,0,WARD CYN,9,6/11/2001,11/30/2001,6/2/2001,5/19/2001,WARD CYN,1,"GUNNELL, YENGLIN",336279,4692678,,0,0,,,,,,,,,,,,,,,,
153.21,F,0,0,172,11.55,183.55,2001,56,1,Radiofai,.,2.83,3.01,2.2,0,0,0,0,WARD CYN,11.55,6/11/2001,11/30/2001,5/30/2001,5/19/2001,WARD CYN,1,GUNNELL,336279,4692678,,0,0,,,,,,,,,,,,,,,,
153.261,M,1,0,181,0,181,2001,56,1,ProbableCoyote,.,2.83,3.01,2.2,0,0,0,0,FLINT CANYON,0,6/2/2001,11/30/2001,6/2/2001,5/19/2001,FLINT CANYON,0,"MUIR,BARBER",344340,4702678,5360,340742,4702297,,,,,,,,,,,,,,,,
153.271,M,1,0,178,3.9,181.9,2001,56,1,Radiofai,.,2.83,3.01,2.2,0,0,0,0,FLINT CANYON,3.9,6/5/2001,11/30/2001,6/1/2001,5/19/2001,FLINT CANYON,1,"MUIR,BARBER",341349,4701450,5760,322408,4706519,,,,,,,,,,,,,,,,
153.29,M,1,0,177,1.35,178.35,2001,56,1,shedcoll,.,2.83,3.01,2.2,0,0,0,0,N. OF ASPEN CRK,1.35,6/6/2001,11/30/2001,6/4/2001,5/19/2001,N. OF ASPEN CRK,1,"SCHWARTZ,COMPTON",346189,4681864,,353027,4651186,,,,,,,,,,,,,,,,
153.297,F,0,0,177,1.35,178.35,2001,56,1,Radiofai,.,2.83,3.01,2.2,0,0,0,0,N. OF ASPEN CRK,1.35,6/6/2001,11/30/2001,6/4/2001,5/19/2001,N. OF ASPEN CRK,1,"SCHWARTZ, COMPTON",346189,4681864,,0,0,,,,,,,,,,,,,,,,
153.32,F,0,0,177,1.35,178.35,2001,56,1,Radiofai,.,2.83,3.01,2.2,0,0,0,0,PINE SPRINGS,1.35,6/6/2001,11/30/2001,6/4/2001,5/19/2001,PINE SPRINGS,1,"MEINTS,HOLLIE,SEGLUN",341378,4683701,,0,0,,,,,,,,,,,,,,,,
153.342,M,1,0,179,11.55,190.55,2001,56,1,shedcoll,.,2.83,3.01,2.2,0,0,0,0,SIDE CANYON,11.55,6/4/2001,11/30/2001,5/23/2001,5/19/2001,SIDE CANYON,1,"JUZA,HENDRICKS",342874,4694322,,343782,4694319,,,,,,,,,,,,,,,,
153.349,F,0,0,177,9,186,2001,56,1,Radiofai,.,2.83,3.01,2.2,0,0,0,0,SUBLETT TROUGHS,9,6/6/2001,11/30/2001,5/28/2001,5/19/2001,SUBLETT TROUGHS,1,"SCHWARTZ,GUNNELL",343231,4681008,,0,0,,,,,,,,,,,,,,,,
153.49,F,0,0,162,3.9,165.9,2001,56,1,shedcoll,.,2.83,3.01,2.2,0,0,0,0,ASPEN MTN,3.9,6/6/2001,11/15/2001,6/2/2001,5/19/2001,ASPEN MTN,1,"COMPTON,MUIR,SCHWART",347702,4680869,,347554,4679788,,,,,,,,,,,,,,,,
153.799,M,1,0,173,11.55,184.55,2001,56,1,shedcoll,.,2.83,3.01,2.2,0,0,0,0,HEYDLAUFF CYN,11.55,6/10/2001,11/30/2001,5/29/2001,5/19/2001,HEYDLAUFF CYN,1,,342891,4686983,6280,347850,4656585,,,,,,,,,,,,,,,,
153.113,F,0,0,172,6.45,178.45,2001,73A,0,shedcoll,.,2.83,3.01,4.43,2.23,54.078,23.94,78.01,SAND HOLLOW,6.45,6/11/2001,11/30/2001,6/4/2001,5/19/2001,SAND HOLLOW,1,"JULES,HURLEY",355714,4708997,5660,355996,4708668,,,,,,,,,,,,,,,,
153.132,M,1,0,176,3.9,179.9,2001,73A,0,shedcoll,.,2.83,3.01,4.43,2.23,54.078,23.94,78.01,SAND HOLLOW,3.9,6/7/2001,11/30/2001,6/3/2001,5/19/2001,SAND HOLLOW,1,"MUIR,SCHWARTZ,HICKEY",354849,4709600,5320,355593,4709389,,,,,,,,,,,,,,,,
153.42,M,1,0,150,14.1,164.1,2001,73A,0,shedcoll,.,2.83,3.01,4.43,2.23,54.078,23.94,78.01,N. BULL CANYON,14.1,6/13/2001,11/10/2001,5/29/2001,5/19/2001,N. BULL CANYON,1,"MEINTS,PAUL S.,HURLE",362313,4696107,,352200,4700807,,,,,,,,,,,,,,,,
153.44,M,1,0,170,6.45,176.45,2001,73A,0,Radiofai,.,2.83,3.01,4.43,2.23,54.078,23.94,78.01,LAKE CANYON,6.45,6/13/2001,11/30/2001,6/6/2001,5/19/2001,LAKE CANYON,1,HOLLIE,366672,4696834,6040,,,,,,,,,,,,,,,,,,
153.45,M,1,0,178,1.35,179.35,2001,73A,0,shedcoll,.,2.83,3.01,4.43,2.23,54.078,23.94,78.01,BUCK CANYON,1.35,6/5/2001,11/30/2001,6/3/2001,5/19/2001,BUCK CANYON,1,"JUZA,BARBER",0,0,,347554,4714018,,,,,,,,,,,,,,,,
153.46,F,0,0,177,3.9,180.9,2001,73A,0,Radiofai,.,2.83,3.01,4.43,2.23,54.078,23.94,78.01,BUCK CANYON,3.9,6/6/2001,11/30/2001,6/2/2001,5/19/2001,BUCK CANYON,1,"JUZA,BARBER",0,0,,0,0,,,,,,,,,,,,,,,,
153.47,M,1,0,176,11.55,187.55,2001,73A,0,Radiofai,.,2.83,3.01,4.43,2.23,54.078,23.94,78.01,EAST FORK,11.55,6/7/2001,11/30/2001,5/26/2001,5/19/2001,EAST FORK,1,"JUZA,BARBER",0,0,,0,0,,,,,,,,,,,,,,,,
153.518,M,1,0,181,1.35,182.35,2001,73A,0,shedcoll,.,2.83,3.01,4.43,2.23,54.078,23.94,78.01,SAGEHEN SPRINGS,1.35,6/2/2001,11/30/2001,5/31/2001,5/19/2001,SAGEHEN SPRINGS,1,"HURLEY,JULES",357506,4687940,6400,364853,4649281,,,,,,,,,,,,,,,,
153.536,F,0,0,179,6.45,185.45,2001,73A,0,Radiofai,.,2.83,3.01,4.43,2.23,54.078,23.94,78.01,SAGEHEN SPRINGS,6.45,6/4/2001,11/30/2001,5/28/2001,5/19/2001,SAGEHEN SPRINGS,1,"HOLLIE,MEINTS",357274,4688097,6600,0,0,,,,,,,,,,,,,,,,
153.559,M,1,0,181,3.9,184.9,2001,73A,0,shedcoll,.,2.83,3.01,4.43,2.23,54.078,23.94,78.01,SAGEHEN SPRINGS,3.9,6/2/2001,11/30/2001,5/29/2001,5/19/2001,SAGEHEN SPRINGS,1,"HURLEY, JULES",357506,4687940,6400,365351,4648938,,,,,,,,,,,,,,,,
153.572,M,1,0,98,11.55,109.55,2001,73A,0,Radiofai,.,2.83,3.01,4.43,2.23,54.078,23.94,78.01,SAGEHEN SPRINGS,11.55,6/9/2001,9/15/2001,5/28/2001,5/19/2001,SAGEHEN SPRINGS,1,"MUIR,SEGLUND",356648,4689536,6880,0,0,,,,,,,,,,,,,,,,
153.61,F,0,0,176,3.9,179.9,2001,73A,0,shedcoll,.,2.83,3.01,4.43,2.23,54.078,23.94,78.01,BAKER CANYON,3.9,6/7/2001,11/30/2001,6/3/2001,5/19/2001,BAKER CANYON,1,"HURLEY, ANDERSON",363950,4693323,,352765,4648853,,,,,,,,,,,,,,,,
153.64,F,0,0,178,3.9,181.9,2001,73A,0,shedcoll,.,2.83,3.01,4.43,2.23,54.078,23.94,78.01,BAKER CANYON,3.9,6/5/2001,11/30/2001,6/1/2001,5/19/2001,BAKER CANYON,1,HURLEY,363748,4695417,6840,356245,4702554,,,,,,,,,,,,,,,,
153.698,F,0,0,178,1.35,179.35,2001,73A,0,Radiofai,.,2.83,3.01,4.43,2.23,54.078,23.94,78.01,BAKER CANYON,1.35,6/5/2001,11/30/2001,6/3/2001,5/19/2001,BAKER CANYON,1,"HURLEY, HOLLIE",363748,4695417,6840,0,0,,,,,,,,,,,,,,,,
153.74,M,1,0,113,3.9,116.9,2001,73A,0,shedcoll,.,2.83,3.01,4.43,2.23,54.078,23.94,78.01,CEMETERY RD,3.9,6/5/2001,9/26/2001,6/1/2001,5/19/2001,CEMETERY RD,1,"HENDRICKS,COMPTON",368121,4701000,,366742,4694295,,,,,,,,,,,,,,,,
153.76,M,1,0,116,9,125,2001,73A,0,LostCont,.,2.83,3.01,4.43,2.23,54.078,23.94,78.01,LAKE CANYON,9,6/4/2001,9/28/2001,5/26/2001,5/19/2001,LAKE CANYON,1,"HURLEY,JULES",365211,4696189,6400,367174,4694838,,,,,,,,,,,,,,,,
153.77,F,0,0,178,11.55,189.55,2001,73A,0,Radiofai,.,2.83,3.01,4.43,2.23,54.078,23.94,78.01,BAKER CANYON,11.55,6/5/2001,11/30/2001,5/24/2001,5/19/2001,BAKER CANYON,1,"SEGLUND,HURLEY",364973,4695906,6520,0,0,,,,,,,,,,,,,,,,
153.78,F,0,0,154,6.45,160.45,2001,73A,0,shedcoll,.,2.83,3.01,4.43,2.23,54.078,23.94,78.01,SAGEHEN SPRINGS,6.45,6/9/2001,11/10/2001,6/2/2001,5/19/2001,SAGEHEN SPRINGS,1,"HURLEY,HICKEY,KEN",356380,4689469,,340944,4668974,,,,,,,,,,,,,,,,
153.79,M,1,0,174,9,183,2001,73A,0,Radiofai,.,2.83,3.01,4.43,2.23,54.078,23.94,78.01,SAGEHEN SPRINGS,9,6/9/2001,11/30/2001,5/31/2001,5/19/2001,SAGEHEN SPRINGS,1,"HURLEY, HOLLIE",356648,4689536,6880,0,0,,,,,,,,,,,,,,,,
153.81,F,0,0,177,6.45,183.45,2001,73A,0,shedcoll,.,2.83,3.01,4.43,2.23,54.078,23.94,78.01,N. BULL CANYON,6.45,6/6/2001,11/30/2001,5/30/2001,5/19/2001,N. BULL CANYON,1,SCOTT,361977,4694696,,353827,4701697,,,,,,,,,,,,,,,,
153,M,1,0,179,1.35,180.35,2002,56,1,Alive,.,2.65,4.52,1.32,0,0,0,0,VAN/SHIRLEY DIVIDE,1.35,6/4/2002,11/30/2002,6/2/2002,5/19/2002,VAN/SHIRLEY DIVIDE,9,"Gunnell,Jared,Chris",328607,4692003,,0,0,,,,,,,,,,,,,,,,Y
153.02,M,1,0,179,1.35,180.35,2002,56,1,Alive,.,2.65,4.52,1.32,0,0,0,0,VAN/SHIRLEY DIVIDE,1.35,6/4/2002,11/30/2002,6/2/2002,5/19/2002,VAN/SHIRLEY DIVIDE,9,"Gunnell,Jared,Chris",328607,4692003,,0,0,,,,,,,,,,,,,,,,Y
153.049,F,0,0,184,3.9,187.9,2002,56,1,Unknown,.,2.65,4.52,1.32,0,0,0,0,VAN KAMP,3.9,5/30/2002,11/30/2002,5/26/2002,5/19/2002,VAN KAMP,0,Hurley,330802,4689216,5660,330195,4688721,,,,,,,,,,,,,,,,Y
153.08,M,1,0,177,0,177,2002,56,1,Alive,.,2.65,4.52,1.32,0,0,0,0,VAN KAMP,0,6/6/2002,11/30/2002,6/6/2002,5/19/2002,VAN KAMP,9,Gunnell,328470,4690264,,0,0,,,,,,,,,,,,,,,,Y
153.12,F,0,0,180,0,180,2002,56,1,Alive,.,2.65,4.52,1.32,0,0,0,0,VAN/SHIRLEY DIVIDE,0,6/3/2002,11/30/2002,6/3/2002,5/19/2002,VAN/SHIRLEY DIVIDE,9,"Gunnell,Jared,Chris",328749,4692054,,0,0,,,,,,,,,,,,,,,,Y
153.13,M,1,0,177,0,177,2002,56,1,Unknown,.,2.65,4.52,1.32,0,0,0,0,VAN KAMP,0,6/6/2002,11/30/2002,6/6/2002,5/19/2002,VAN KAMP,0,Gunnell,328470,4690264,,329264,4691608,,,,,,,,,,,,,,,,Y
153.15,F,0,0,177,11.55,188.55,2002,56,1,Alive,.,2.65,4.52,1.32,0,0,0,0,VAN KAMP,11.55,6/6/2002,11/30/2002,5/25/2002,5/19/2002,VAN KAMP,9,Gunnell,328731,4690435,,0,0,,,,,,,,,,,,,,,,Y
153.22,F,0,0,164,14.1,178.1,2002,56,1,Alive,.,2.65,4.52,1.32,0,0,0,0,PINE CANYON,14.1,6/19/2002,11/30/2002,6/4/2002,5/19/2002,PINE CANYON,9,"Porter,Muir,Gunnell",328386,4696753,,0,0,,,,,,,,,,,,,,,,Y
153.24,M,1,0,179,3.9,182.9,2002,56,1,Alive,.,2.65,4.52,1.32,0,0,0,0,S. OF WARD CYN,3.9,6/4/2002,11/30/2002,5/31/2002,5/19/2002,S. OF WARD CYN,9,"Olson,Morris",335560,4692047,,0,0,,,,,,,,,,,,,,,,Y
153.25,M,1,0,179,3.9,182.9,2002,56,1,Alive,.,2.65,4.52,1.32,0,0,0,0,S. OF WARD CYN,3.9,6/4/2002,11/30/2002,5/31/2002,5/19/2002,S. OF WARD CYN,9,"Olson,Morris",335560,4692047,,0,0,,,,,,,,,,,,,,,,Y
153.38,F,0,0,179,0,179,2002,56,1,Alive,.,2.65,4.52,1.32,0,0,0,0,SUBLETT TROUGHS,0,6/4/2002,11/30/2002,6/4/2002,5/19/2002,SUBLETT TROUGHS,9,"Hurley,Jules",344836,4681405,,0,0,,,,,,,,,,,,,,,,Y
153.45,M,1,0,180,3.9,183.9,2002,56,1,Alive,.,2.65,4.52,1.32,0,0,0,0,SIDE CANYON,3.9,6/3/2002,11/30/2002,5/30/2002,5/19/2002,SIDE CANYON,9,"Juza, Crawford",342623,4694368,,0,0,,,,,,,,,,,,,,,,Y
153.64,M,1,0,177,1.35,178.35,2002,56,1,Alive,.,2.65,4.52,1.32,0,0,0,0,ASPEN MTN,1.35,6/6/2002,11/30/2002,6/4/2002,5/19/2002,ASPEN MTN,9,"Scott,Crawford,Compt",364097,4693811,,0,0,,,,,,,,,,,,,,,,Y
153.719,M,1,0,166,9,175,2002,56,1,Alive,.,2.65,4.52,1.32,0,0,0,0,SUBLETT TROUGHS,9,6/17/2002,11/30/2002,6/8/2002,5/19/2002,SUBLETT TROUGHS,9,"Muir, Hurley",343352,4681367,,0,0,,,,,,,,,,,,,,,,Y
153.42,M,1,0,171,3.9,174.9,2002,73A,0,shedcoll,.,2.65,4.52,2.66,1.34,101.95,23.94,125.88,DEEP CRK PEAK,3.9,6/12/2002,11/30/2002,6/8/2002,5/19/2002,DEEP CRK PEAK,1,"Carl,Brad,Scott",366747,4701441,,0,0,,,,,,,,,,,,,,,,Y
153.49,F,0,0,174,9,183,2002,73A,0,Alive,.,2.65,4.52,2.66,1.34,101.95,23.94,125.88,N. STEWART CYN,9,6/9/2002,11/30/2002,5/31/2002,5/19/2002,N. STEWART CYN,9,"Muir, Hickey",0,0,,0,0,,,,,,,,,,,,,,,,Y
153.73,M,1,0,170,1.35,171.35,2002,73A,0,Alive,.,2.65,4.52,2.66,1.34,101.95,23.94,125.88,BAKER CANYON,1.35,6/13/2002,11/30/2002,6/11/2002,5/19/2002,BAKER CANYON,9,"Scott,Hurley,Juza",364108,4693656,,0,0,,,,,,,,,,,,,,,,Y
153.75,F,0,0,178,0,178,2002,73A,0,shedcoll,.,2.65,4.52,2.66,1.34,101.95,23.94,125.88,N. BULL CANYON,0,6/5/2002,11/30/2002,6/5/2002,5/19/2002,N. BULL CANYON,1,"Berkley,Compton",361917,4694700,,0,0,,,,,,,,,,,,,,,,Y
153.76,M,1,0,170,1.35,171.35,2002,73A,0,Alive,.,2.65,4.52,2.66,1.34,101.95,23.94,125.88,BAKER CANYON,1.35,6/13/2002,11/30/2002,6/11/2002,5/19/2002,BAKER CANYON,9,"Scott,Hurley,Mull,Lu",364108,4693656,,0,0,,,,,,,,,,,,,,,,Y
153.78,F,0,0,178,1.35,179.35,2002,73A,0,Alive,.,2.65,4.52,2.66,1.34,101.95,23.94,125.88,N. BULL CANYON,1.35,6/5/2002,11/30/2002,6/3/2002,5/19/2002,N. BULL CANYON,9,"Juza, Scott",361917,4694700,,0,0,,,,,,,,,,,,,,,,Y
153.79,M,1,0,170,0,170,2002,73A,0,Alive,.,2.65,4.52,2.66,1.34,101.95,23.94,125.88,BAKER CANYON,0,6/13/2002,11/30/2002,6/13/2002,5/19/2002,BAKER CANYON,9,"Hurley,Juza,Scott",364436,4692911,,0,0,,,,,,,,,,,,,,,,Y
153.8,M,1,0,179,6.45,185.45,2002,73A,0,Alive,.,2.65,4.52,2.66,1.34,101.95,23.94,125.88,SAGEHEN SPRINGS,6.45,6/4/2002,11/30/2002,5/28/2002,5/19/2002,SAGEHEN SPRINGS,9,"Arms, Hollie,Daryl",356416,4689131,,0,0,,,,,,,,,,,,,,,,Y
153.81,F,0,0,110,3.9,113.9,2002,73A,0,Radiofai,.,2.65,4.52,2.66,1.34,101.95,23.94,125.88,BAKER CANYON,3.9,6/5/2002,9/23/2002,6/1/2002,5/19/2002,BAKER CANYON,1,"Muir,Berkley,Eric",365843,4693940,,364778,4695646,,,,,,,,,,,,,,,,Y
153.819,M,1,0,175,6.45,181.45,2002,73A,0,Alive,.,2.65,4.52,2.66,1.34,101.95,23.94,125.88,SAGEHEN SPRINGS,6.45,6/8/2002,11/30/2002,6/1/2002,5/19/2002,SAGEHEN SPRINGS,9,"Jules,Hurley,Hickey",357607,4683502,,0,0,,,,,,,,,,,,,,,,Y
153.83,M,1,0,175,6.45,181.45,2002,73A,0,Alive,.,2.65,4.52,2.66,1.34,101.95,23.94,125.88,SAGEHEN SPRINGS,6.45,6/8/2002,11/30/2002,6/1/2002,5/19/2002,SAGEHEN SPRINGS,9,"Hickey,Hurley,Jules",357607,4683502,,0,0,,,,,,,,,,,,,,,,Y
153.84,M,1,0,174,9,183,2002,73A,0,shedcoll,.,2.65,4.52,2.66,1.34,101.95,23.94,125.88,N. BULL CANYON,9,6/9/2002,11/30/2002,5/31/2002,5/19/2002,N. BULL CANYON,1,"Hurley,Hollie,Jules",362864,4698574,,0,0,,,,,,,,,,,,,,,,Y
153.851,F,0,0,177,6.45,183.45,2002,73A,0,Alive,.,2.65,4.52,2.66,1.34,101.95,23.94,125.88,SAGEHEN SPRINGS,6.45,6/6/2002,11/30/2002,5/30/2002,5/19/2002,SAGEHEN SPRINGS,9,"Hurley,Hollie,Daryl",357327,4688302,,0,0,,,,,,,,,,,,,,,,Y
153.86,F,0,0,174,9,183,2002,73A,0,shedcoll,.,2.65,4.52,2.66,1.34,101.95,23.94,125.88,N. BULL CANYON,9,6/9/2002,11/30/2002,5/31/2002,5/19/2002,N. BULL CANYON,1,"Scott,Hurley",362624,4698894,,0,0,,,,,,,,,,,,,,,,Y
153.89,F,0,0,179,3.9,182.9,2002,73A,0,shedcoll,.,2.65,4.52,2.66,1.34,101.95,23.94,125.88,SAGEHEN SPRINGS,3.9,6/4/2002,11/30/2002,5/31/2002,5/19/2002,SAGEHEN SPRINGS,1,"Daryl,Arms,Hollie",358260,4689699,,0,0,,,,,,,,,,,,,,,,Y
153.897,M,1,0,171,11.55,182.55,2002,73A,0,shedcoll,.,2.65,4.52,2.66,1.34,101.95,23.94,125.88,LAKE CANYON,11.55,6/12/2002,11/30/2002,5/31/2002,5/19/2002,LAKE CANYON,1,Muir et. Al,365802,4695857,,0,0,,,,,,,,,,,,,,,,Y
153.91,M,1,0,178,1.35,179.35,2002,73A,0,Alive,.,2.65,4.52,2.66,1.34,101.95,23.94,125.88,BAKER CANYON,1.35,6/5/2002,11/30/2002,6/3/2002,5/19/2002,BAKER CANYON,9,"Hurley,Jules,Eric",364082,4693641,,0,0,,,,,,,,,,,,,,,,Y
153.92,M,1,0,175,6.45,181.45,2002,73A,0,Alive,.,2.65,4.52,2.66,1.34,101.95,23.94,125.88,SAGEHEN SPRINGS,6.45,6/8/2002,11/30/2002,6/1/2002,5/19/2002,SAGEHEN SPRINGS,9,"Hurley,Jules,Hickey",356367,4689411,,0,0,,,,,,,,,,,,,,,,Y
153.93,M,1,0,178,1.35,179.35,2002,73A,0,shedcoll,.,2.65,4.52,2.66,1.34,101.95,23.94,125.88,N. BULL CANYON,1.35,6/5/2002,11/30/2002,6/3/2002,5/19/2002,N. BULL CANYON,1,"Scott, Compton",362052,4697028,,0,0,,,,,,,,,,,,,,,,Y
153.94,M,1,0,178,1.35,179.35,2002,73A,0,Alive,.,2.65,4.52,2.66,1.34,101.95,23.94,125.88,BAKER CANYON,1.35,6/5/2002,11/30/2002,6/3/2002,5/19/2002,BAKER CANYON,9,"Scott,Jules,Arms",364020,4692944,,0,0,,,,,,,,,,,,,,,,Y
153.959,F,0,0,174,9,183,2002,73A,0,Alive,.,2.65,4.52,2.66,1.34,101.95,23.94,125.88,BULL CANYON,9,6/9/2002,11/30/2002,5/31/2002,5/19/2002,BULL CANYON,9,"Scott,Hurley,Jules",362373,4695641,,0,0,,,,,,,,,,,,,,,,Y
153.97,M,1,0,178,3.9,181.9,2002,73A,0,shedcoll,.,2.65,4.52,2.66,1.34,101.95,23.94,125.88,BAKER CANYON,3.9,6/5/2002,11/30/2002,6/1/2002,5/19/2002,BAKER CANYON,1,"Hurley,Eric,Jules",364097,4693811,,0,0,,,,,,,,,,,,,,,,Y
153.98,F,0,0,178,3.9,181.9,2002,73A,0,Alive,.,2.65,4.52,2.66,1.34,101.95,23.94,125.88,BAKER CANYON,3.9,6/5/2002,11/30/2002,6/1/2002,5/19/2002,BAKER CANYON,9,"Hurley,Jules,Eric",364097,4693811,,0,0,,,,,,,,,,,,,,,,Y
153.18,M,1,1,6,0,6,1999,56,1,ProbableBobcat,Bobcat,3.91,4.81,2.64,0,0,0,0,FLINT CANYON,0,6/11/1999,6/17/1999,6/11/1999,5/19/1999,FLINT CANYON,0,"NICKISCH, TSCOTT",0,0,,339632,4701769,,,,,,,,,,,,,,,,
153.04,F,0,1,75,3.9,78.9,2000,56,1,BobcatPr,Bobcat,1.02,3,1.76,0,0,0,0,VAN KAMP CRK,3.9,6/6/2000,8/20/2000,6/2/2000,5/19/2000,VAN KAMP CRK,0,"TODD,SMITH",0,0,,330808,4688903,,,,,,,,,,,,,,,,
153.38,F,0,1,52,3.9,55.9,2000,73A,0,BobcatPr,Bobcat,1.02,3,8.87,7.11,79.78,14.18,93.97,BAKER CANYON,3.9,6/3/2000,7/25/2000,5/30/2000,5/19/2000,BAKER CANYON,0,"HURLEY,MUIR",363887,4694418,6800,363961,4694693,,,,,,,,,,,,,,,,
153.64,F,0,1,20,3.9,23.9,2000,73A,0,ProbableBobcat,Bobcat,1.02,3,8.87,7.11,79.78,14.18,93.97,BROADMOUTH CYN,3.9,6/11/2000,7/1/2000,6/7/2000,5/19/2000,BROADMOUTH CYN,0,"JUZA,SCOTT",352448,4722700,,352358,4722454,,,,,,,,,,,,,,,,
153.19,M,1,1,81,9,90,2001,56,1,BobcatPr,Bobcat,2.83,3.01,2.2,0,0,0,0,VAN KAMP CRK,9,6/6/2001,8/26/2001,5/28/2001,5/19/2001,VAN KAMP CRK,0,"GUNNELL, ELAM",330589,4689132,,331247,4689050,,,,,,,,,,,,,,,,
153.73,M,1,1,18,1.35,19.35,2001,56,1,BobcatPr,Bobcat,2.83,3.01,2.2,0,0,0,0,S. OF SIDE CYN,1.35,6/10/2001,6/28/2001,6/8/2001,5/19/2001,S. OF SIDE CYN,0,"HICKEY,JUZA",0,0,,343342,4694907,,,,,,,,,,,,,,,,
153.58,F,0,1,20,3.9,23.9,2001,73A,0,BobcatPr,Bobcat,2.83,3.01,4.43,2.23,54.078,23.94,78.01,BAKER CANYON,3.9,6/7/2001,6/27/2001,6/3/2001,5/19/2001,BAKER CANYON,0,"HURLEY,ANDERSON",363950,4693323,,363885,4693074,,,,,,,,,,,,,,,,
153.878,M,1,1,39,3.9,42.9,2002,73A,0,BobcatPr,Bobcat,2.65,4.52,2.66,1.34,101.95,23.94,125.88,SAGEHEN SPRINGS,3.9,6/13/2002,7/22/2002,6/9/2002,5/19/2002,SAGEHEN SPRINGS,0,"Muir,Hickey",0,0,,356467,4689718,,,,,,,,,,,,,,,,Y
153.1,M,1,1,85,1.35,86.35,1999,56,1,CoyotePr,Coyote,3.91,4.81,2.64,0,0,0,0,PINE CANYON,1.35,6/9/1999,9/2/1999,6/7/1999,5/19/1999,PINE CANYON,0,ELAM,0,0,,328337,4695221,,,,,,,,,,,,,,,,
153.19,M,1,1,62,9,71,1999,56,1,ProbableCoyote,Coyote,3.91,4.81,2.64,0,0,0,0,VAN CAMP CRK,9,6/5/1999,8/6/1999,5/27/1999,5/19/1999,VAN CAMP CRK,0,"KFRANK, FPARTRIDGE",0,0,,327015,4692599,,,,,,,,,,,,,,,,
153.23,F,0,1,53,3.9,56.9,1999,56,1,CoyotePr,Coyote,3.91,4.81,2.64,0,0,0,0,HARTLEY CANYON,3.9,6/5/1999,7/28/1999,6/1/1999,5/19/1999,HARTLEY CANYON,0,"JUZA, GUNNELL",341695,4699874,5760,0,0,,,,,,,,,,,,,,,,
153.26,F,0,1,24,3.9,27.9,1999,56,1,CoyotePr,Coyote,3.91,4.81,2.64,0,0,0,0,SIDE CANYON,3.9,6/3/1999,6/27/1999,5/30/1999,5/19/1999,SIDE CANYON,0,"SCOTT, UNSWOR, ANDER",348768,4696768,5180,0,0,,,,,,,,,,,,,,,,
153.5,F,0,1,24,3.9,27.9,1999,56,1,CoyotePr,Coyote,3.91,4.81,2.64,0,0,0,0,SIDE CANYON,3.9,6/3/1999,6/27/1999,5/30/1999,5/19/1999,SIDE CANYON,0,"SCOTT,UNSWOR,ANDER",348768,4696768,5180,0,0,,,,,,,,,,,,,,,,
153.63,M,1,1,12,3.9,15.9,1999,73A,0,ProbableCoyote,Coyote,3.91,4.81,14.18,11.54,63.829,14.18,78.01,NICKISCH DRAW?,3.9,6/9/1999,6/21/1999,6/5/1999,5/19/1999,BAKER CANYON,0,"ASEGLUND, MCOMMARS",364919,4693423,,364275,4693287,,,,,,,,,,,,,,,,
153.05,F,0,1,94,1.35,95.35,2000,56,1,CoyotePr,Coyote,1.02,3,1.76,0,0,0,0,ELBOW CYN,1.35,6/10/2000,9/12/2000,6/8/2000,5/19/2000,HEYDLAUFF CYN,0,"PORTER,THOMAS",341355,4687015,6640,344462,4688583,,,,,,,,,,,,,,,,
153.14,M,1,1,83,3.9,86.9,2000,56,1,CoyotePr,Coyote,1.02,3,1.76,0,0,0,0,SHIRLEY CRK,3.9,6/6/2000,8/28/2000,6/2/2000,5/19/2000,SHIRLEY CRK,0,"NIELSON,ELAM",0,0,,325391,4691971,,,,,,,,,,,,,,,,
153.54,F,0,1,18,3.9,21.9,2000,56,1,CoyotePr,Coyote,1.02,3,1.76,0,0,0,0,HEYDLAUFF CYN,3.9,6/7/2000,6/25/2000,6/3/2000,5/19/2000,HEYDLAUFF CYN,0,"HOLLIE,MUIR,SEGLUND",342776,4686828,,340623,4687231,,,,,,,,,,,,,,,,
153.59,M,1,1,75,1.35,76.35,2000,56,1,CoyotePr,Coyote,1.02,3,1.76,0,0,0,0,SIDE CANYON,1.35,6/8/2000,8/22/2000,6/6/2000,5/19/2000,SIDE CANYON,0,"HURLEY,HOLLIE",0,0,,343733,4696051,,,,,,,,,,,,,,,,
153.12,F,0,1,104,9,113,2000,73A,0,ProbableCoyote,Coyote,1.02,3,8.87,7.11,79.78,14.18,93.97,SAGEHEN SPRINGS,9,6/14/2000,9/26/2000,6/5/2000,5/19/2000,SAGEHEN SPRINGS,0,"GUNNELL,HURLEY",357376,4688345,,355555,4686692,,,,,,,,,,,,,,,,
153.17,M,1,1,113,3.9,116.9,2000,73A,0,ProbableCoyote,Coyote,1.02,3,8.87,7.11,79.78,14.18,93.97,SAGEHEN SPRINGS,3.9,6/14/2000,10/5/2000,6/10/2000,5/19/2000,SAGEHEN SPRINGS,0,"HOLLY,SEGLUND,POWERS",357376,4688345,,356580,4687290,,,,,,,,,,,,,,,,
153.39,F,0,1,139,11.55,150.55,2000,73A,0,CoyotePr,Coyote,1.02,3,8.87,7.11,79.78,14.18,93.97,BAKER CANYON,11.55,6/3/2000,10/20/2000,5/22/2000,5/19/2000,BAKER CANYON,0,"HURLEY,TAYSOM",365407,4696155,6120,365448,4696307,,,,,,,,,,,,,,,,
153.47,F,0,1,109,6.45,115.45,2000,73A,0,ProbableCoyote,Coyote,1.02,3,8.87,7.11,79.78,14.18,93.97,SAGEHEN SPRINGS,6.45,6/14/2000,10/1/2000,6/7/2000,5/19/2000,SAGEHEN SPRINGS,0,"HOLLIE,HURLEY",357440,4688201,,355442,4687396,,,,,,,,,,,,,,,,
153.08,M,1,1,46,3.9,49.9,2001,56,1,CoyotePr,Coyote,2.83,3.01,2.2,0,0,0,0,VAN KAMP CRK,3.9,6/7/2001,7/23/2001,6/3/2001,5/19/2001,VAN KAMP CRK,0,"G. WRIGHT, L. AMES",330639,4690815,,330880,4691713,,,,,,,,,,,,,,,,
153.122,F,0,1,40,3.9,43.9,2001,56,1,CoyotePr,Coyote,2.83,3.01,2.2,0,0,0,0,HEYDLAUFF CYN,3.9,6/9/2001,7/19/2001,6/5/2001,5/19/2001,HEYDLAUFF CYN,0,"HURLEY,SEGLUND",343502,4687186,5850,343837,4688480,,,,,,,,,,,,,,,,
153.38,M,1,1,24,3.9,27.9,2001,56,1,ProbableCoyote,Coyote,2.83,3.01,2.2,0,0,0,0,ASPEN MTN,3.9,6/6/2001,6/30/2001,6/2/2001,5/19/2001,ASPEN MTN,0,"SCHWARTZ,MUIR,COMPT",347702,4680869,,347892,4680508,,,,,,,,,,,,,,,,
153.42,M,1,1,5,6.45,11.45,2001,56,1,CoyotePr,Coyote,2.83,3.01,2.2,0,0,0,0,ASPEN MTN,6.45,6/6/2001,6/11/2001,5/30/2001,5/19/2001,ASPEN MTN,0,"COMPTON,MUIR,SCHWART",347702,4680869,,347580,4680921,,,,,,,,,,,,,,,,
153.718,F,0,1,94,1.35,95.35,2001,56,1,Probablecoyote,Coyote,2.83,3.01,2.2,0,0,0,0,S. OF SIDE CYN,1.35,6/10/2001,9/12/2001,6/8/2001,5/19/2001,S. OF SIDE CYN,0,"HICKEY,JUZA",,,,343160,4695027,,,,,,,,,,,,,,,,
153.14,F,0,1,57,9,66,2001,73A,0,CoyotePr,Coyote,2.83,3.01,4.43,2.23,54.078,23.94,78.01,SAND HOLLOW,9,6/11/2001,8/7/2001,6/2/2001,5/19/2001,SAND HOLLOW,0,"KEN,AMY,HURLEY",355972,4708958,5700,355744,4709239,,,,,,,,,,,,,,,,
153.24,M,1,1,8,3.9,11.9,2001,73A,0,Predation/septicemia,Predation,2.83,3.01,4.43,2.23,54.078,23.94,78.01,BUCK CANYON,3.9,6/12/2001,6/20/2001,6/8/2001,5/19/2001,BUCK CANYON,0,"HICKEY,JUZA",353761,4716313,,354342,4716145,,,,,,,,,,,,,,,,
153.41,M,1,1,63,9,72,2001,73A,0,CoyotePr,Coyote,2.83,3.01,4.43,2.23,54.078,23.94,78.01,EAST FORK,9,6/7/2001,8/9/2001,5/29/2001,5/19/2001,EAST FORK,0,"JUZA,BARBER",0,0,,350308,4713851,,,,,,,,,,,,,,,,
153.44,F,0,1,2,6.45,8.45,2001,73A,0,CoyotePr,Coyote,2.83,3.01,4.43,2.23,54.078,23.94,78.01,EAST FORK,6.45,6/4/2001,6/6/2001,5/28/2001,5/19/2001,EAST FORK,0,,0,0,,350193,4714334,,,,,,,,,,,,,,,,
153.529,M,1,1,61,3.9,64.9,2001,73A,0,CoyotePr,Coyote,2.83,3.01,4.43,2.23,54.078,23.94,78.01,SAGEHEN SPRINGS,3.9,6/2/2001,8/2/2001,5/29/2001,5/19/2001,SAGEHEN SPRINGS,0,"HURLEY,JULES",357506,4687940,6400,355705,4687512,,,,,,,,,,,,,,,,
153.59,F,0,1,132,6.45,138.45,2001,73A,0,ProbableCoyote,Coyote,2.83,3.01,4.43,2.23,54.078,23.94,78.01,SAGEHEN SPRINGS,6.45,6/4/2001,10/14/2001,5/28/2001,5/19/2001,SAGEHEN SPRINGS,0,"MEINTS, HOLLIE",357519,4688301,6400,355500,4687500,,,,,,,,,,,,,,,,
153.818,M,1,1,20,1.35,21.35,2001,73A,0,Predation/septicemia,Predation,2.83,3.01,4.43,2.23,54.078,23.94,78.01,N. BULL CANYON,1.35,6/5/2001,6/25/2001,6/3/2001,5/19/2001,N. BULL CANYON,0,SCOTT,362580,4696476,,362085,4696139,,,,,,,,,,,,,,,,
153.19,M,1,1,117,6.45,123.45,2002,56,1,CoyotePr,Coyote,2.65,4.52,1.32,0,0,0,0,ASPEN MTN,6.45,6/14/2002,10/9/2002,6/7/2002,5/19/2002,ASPEN MTN,0,"Scott,Jared,Jules",347726,4681173,,348044,4681337,,,,,,,,,,,,,,,,Y
153.35,F,0,1,4,1.35,5.35,1998,73A,0,LionPred,Lion,6.22,5.6,8.87,7.11,52.31,0,52.31,BUCK CANYON,1.35,6/14/1998,6/18/1998,6/12/1998,5/19/1998,BUCK CANYON,0,DENNING#1,352521,4710631,,352521,4710631,,,,,,,,,,,,,,,,
153.52,M,1,1,4,1.35,5.35,1998,73A,0,LionPred,Lion,6.22,5.6,8.87,7.11,52.31,0,52.31,BUCK CANYON,1.35,6/14/1998,6/18/1998,6/12/1998,5/19/1998,BUCK CANYON,0,DENNING#2,352521,4710631,,352521,4710631,,,,,,,,,,,,,,,,
153.55,F,0,1,24,3.9,27.9,1998,73A,0,LionPred,Lion,6.22,5.6,8.87,7.11,52.31,0,52.31,SAND HOLLOW,3.9,6/26/1998,7/20/1998,6/22/1998,5/19/1998,SAND HOLLOW,0,"HURLEY, NEWSPAPER",355336,4711261,6060,0,0,,,,,,,,,,,,,,,,
153.21,M,1,1,57,4.37,61.37,1999,56,1,LionPred,Lion,3.91,4.81,2.64,0,0,0,0,HEYDLAUFF CYN,4.37,6/1/1999,7/28/1999,5/27/1999,5/19/1999,HEYDLAUFF CYN,0,JGUNNELL,343346,4686543,6160,0,0,,,,,,,,,,,,,,,,
153.27,F,0,1,36,3.9,39.9,1999,56,1,LionPred,Lion,3.91,4.81,2.64,0,0,0,0,LAKE CYN,3.9,6/19/1999,7/25/1999,6/15/1999,5/19/1999,LAKE CYN,0,"JUZA, GUNNELL,HURLEY",331494,4694695,6360,0,0,,,,,,,,,,,,,,,,
153.46,F,0,1,21,3.9,24.9,1999,73A,0,LionPred,Lion,3.91,4.81,14.18,11.54,63.829,14.18,78.01,HOLLOW CRK,3.9,6/1/1999,6/22/1999,5/28/1999,5/19/1999,BAKER CYN,0,"NICKISCH, HURLEY",365285,4695375,6080,364741,4695816,,,,,,,,,,,,,,,,
153.11,M,1,1,111,11.55,122.55,2000,56,1,LionPred,Lion,1.02,3,1.76,0,0,0,0,VAN KAMP CRK,11.55,6/12/2000,10/1/2000,5/31/2000,5/19/2000,VAN KAMP CRK,0,"GUNNELL, SANDS",328635,4690308,,329413,4689757,,,,,,,,,,,,,,,,
153.15,M,1,1,95,1.35,96.35,2000,56,1,LionPred,Lion,1.02,3,1.76,0,0,0,0,STATION FORK SUBLETT,1.35,6/12/2000,9/15/2000,6/10/2000,5/19/2000,STATION FORK SUBLETT,0,"HOLMAN,OLSEN,PRICE",0,0,,337937,4690430,,,,,,,,,,,,,,,,
153.18,M,1,1,48,3.9,51.9,2000,56,1,Probablelion,Lion,1.02,3,1.76,0,0,0,0,FALL CR,3.9,6/13/2000,7/31/2000,6/9/2000,5/19/2000,FALL CR,0,"HOLMAN,OLSEN",0,0,,331133,4691466,,,,,,,,,,,,,,,,
153.21,F,0,1,63,6.45,69.45,2000,56,1,LionPred,Lion,1.02,3,1.76,0,0,0,0,ASPEN MTN,6.45,6/7/2000,8/9/2000,5/31/2000,5/19/2000,ASPEN MTN,0,"HURLEY,KUCK",346997,4680098,6350,348642,4679400,,,,,,,,,,,,,,,,
153.53,M,1,1,82,6.45,88.45,2000,56,1,LionPred,Lion,1.02,3,1.76,0,0,0,0,SIDE CANYON,6.45,6/10/2000,8/31/2000,6/3/2000,5/19/2000,SIDE CANYON,0,"JUZA,HOLLIE",342988,4696190,,344535,4696097,,,,,,,,,,,,,,,,
153.57,M,1,1,59,1.35,60.35,2000,56,1,LionPred,Lion,1.02,3,1.76,0,0,0,0,SIDE CANYON,1.35,6/8/2000,8/6/2000,6/6/2000,5/19/2000,SIDE CANYON,0,NONE GIVEN,343180,4695988,,342648,4695499,,,,,,,,,,,,,,,,
153.45,F,0,1,5,9,14,2000,73A,0,LionPred,Lion,1.02,3,8.87,7.11,79.78,14.18,93.97,SAGEHEN SPRINGS,9,6/7/2000,6/12/2000,5/29/2000,5/19/2000,SAGEHEN SPRINGS,0,"GUNNELL,MAC",357225,4688223,,357323,4688090,,,,,,,,,,,,,,,,
153.46,F,0,1,171,9,180,2000,73A,0,LionPred,Lion,1.02,3,8.87,7.11,79.78,14.18,93.97,EAST FORK,9,6/12/2000,11/30/2000,6/3/2000,5/19/2000,EAST FORK,0,JUZA,351585,4714456,,351945,4714081,,,,,,,,,,,,,,,,
153.05,M,1,1,30,11.55,41.55,2001,56,1,LionPred,Lion,2.83,3.01,2.2,0,0,0,0,HEYDLAUFF CYN,11.55,6/10/2001,7/10/2001,5/29/2001,5/19/2001,HEYDLAUFF CYN,0,"BARBER,HOLLIE,SEGLUN",342891,4686983,6280,342855,4686583,,,,,,,,,,,,,,,,
153.332,F,0,1,42,0,42,2001,56,1,LionPred,Lion,2.83,3.01,2.2,0,0,0,0,PINE SPRINGS,0,6/6/2001,7/18/2001,6/6/2001,5/19/2001,PINE SPRINGS,0,"MEINTS,HOLLIE,JULES",341378,4683701,,341082,4684581,,,,,,,,,,,,,,,,
153.04,M,1,1,77,1.35,78.35,2002,56,1,LionPred,Lion,2.65,4.52,1.32,0,0,0,0,VAN KAMP,1.35,6/5/2002,8/21/2002,6/3/2002,5/19/2002,VAN KAMP,0,"Gunnell,Jared,Chris",329610,4690455,5875,329995,4689935,,,,,,,,,,,,,,,,Y
153.09,M,1,1,42,11.55,53.55,2002,56,1,LionPred,Lion,2.65,4.52,1.32,0,0,0,0,SUBLETT TROUGHS,11.55,6/17/2002,7/29/2002,6/5/2002,5/19/2002,SUBLETT TROUGHS,0,"Muir, Hurley",343387,4681364,,343170,4681515,,,,,,,,,,,,,,,,Y
153.61,M,1,1,66,1.35,67.35,2002,56,1,LionPred,Lion,2.65,4.52,1.32,0,0,0,0,ASPEN MTN,1.35,6/6/2002,8/11/2002,6/4/2002,5/19/2002,ASPEN MTN,0,"Compton,Scott,Jules",343243,4681867,,342645,4683920,,,,,,,,,,,,,,,,Y
153.38,F,0,1,3,0,3,1998,56,1,Natural/,Natural,6.22,5.6,1.76,0,0,0,0,S FORK SUBLETT CR,0,6/12/1998,6/15/1998,6/12/1998,5/19/1998,S FORK SUBLETT CR,0,,338452,4687377,5880,0,0,,,,,,,,,,,,,,,,
153.442,F,0,1,40,14.1,54.1,1998,73A,0,Natural,Natural,6.22,5.6,8.87,7.11,52.31,0,52.31,BAKER CANYON,14.1,6/9/1998,7/19/1998,5/25/1998,5/19/1998,BAKER CANYON,0,"Hurley, Anderson",365014,4696312,6640,0,0,,,,,,,,,,,,,,,,
153.512,M,1,1,65,9,74,1998,73A,0,Possiblenatural,Natural,6.22,5.6,8.87,7.11,52.31,0,52.31,EAST FORK,9,6/14/1998,8/18/1998,6/5/1998,5/19/1998,EAST FORK,0,"HURLEY, DENNING",351481,4714095,4920,0,0,,,,,,,,,,,,,,,,
153.13,M,1,1,12,0,12,1999,56,1,Natural,Natural,3.91,4.81,2.64,0,0,0,0,TWIN CANYONS,0,6/15/1999,6/27/1999,6/15/1999,5/19/1999,TWIN CANYONS,0,"NELLIS,SMITH,RENALDI",0,0,,0,0,,,,,,,,,,,,,,,,
153.29,F,0,1,1,9,10,1999,56,1,Probablehypothern,Natural,3.91,4.81,2.64,0,0,0,0,TUSSING/WINDY CAN,9,5/28/1999,5/29/1999,5/19/1999,5/19/1999,TUSSING/WINDY CAN,0,JUZA,0,0,,0,0,,,,,,,,,,,,,,,,
153.07,M,1,1,71,1.35,72.35,2000,56,1,Disease(,Natural,1.02,3,1.76,0,0,0,0,ELBOW CYN,1.35,6/10/2000,8/20/2000,6/8/2000,5/19/2000,ELBOW CYN,0,"PORTER,THOMAS",341355,4687015,6640,341601,4686817,,,,,,,,,,,,,,,,
153.56,M,1,1,6,1.35,7.35,2000,56,1,Natural,Natural,1.02,3,1.76,0,0,0,0,SIDE CANYON,1.35,6/6/2000,6/12/2000,6/4/2000,5/19/2000,SIDE CANYON,0,"JUZA,ANNA",0,0,,341975,4695957,,,,,,,,,,,,,,,,
153.02,F,0,1,53,3.9,56.9,2000,73A,0,Disease(,Natural,1.02,3,8.87,7.11,79.78,14.18,93.97,SAGEHEN SPRINGS,3.9,6/6/2000,7/29/2000,6/2/2000,5/19/2000,SAGEHEN SPRINGS,0,"MAC,SEGLUND,DEBRA",358038,4688752,,357460,4688418,,,,,,,,,,,,,,,,
153.26,F,0,1,40,11.55,51.55,2000,73A,0,Disease(,Natural,1.02,3,8.87,7.11,79.78,14.18,93.97,DEEP CRK PEAK,11.55,6/13/2000,7/23/2000,6/1/2000,5/19/2000,DEEP CRK PEAK,0,"COMPTON,SEGLUND,HANS",0,0,,366492,4702010,,,,,,,,,,,,,,,,
153.42,M,1,1,43,11.53,54.53,2000,73A,0,Disease(,Natural,1.02,3,8.87,7.11,79.78,14.18,93.97,DEEP CRK PEAK,11.53,6/13/2000,7/26/2000,6/1/2000,5/19/2000,DEEP CRK PEAK,0,"COMPTON, HANSEN",0,0,,365744,4701942,,,,,,,,,,,,,,,,
153.49,M,1,1,3,11.55,14.55,2000,73A,0,Natural,Natural,1.02,3,8.87,7.11,79.78,14.18,93.97,SAGEHEN SPRINGS,11.55,6/8/2000,6/11/2000,5/27/2000,5/19/2000,SAGEHEN SPRINGS,0,"GUNNELL,MAC",355938,4689319,6800,356209,4689614,,,,,,,,,,,,,,,,
153.09,M,1,1,2,0,2,2001,56,1,Starvati,Natural,2.83,3.01,2.2,0,0,0,0,N. TWIN CYN,0,6/14/2001,6/16/2001,6/14/2001,5/19/2001,N. TWIN CYN,0,"GUNNELL, YENGLIN",336843,4686461,,336810,4686637,,,,,,,,,,,,,,,,
153.22,M,1,1,1,3.9,4.9,2001,73A,0,Uremia,Natural,2.83,3.01,4.43,2.23,54.078,23.94,78.01,BUCK CANYON,3.9,6/12/2001,6/13/2001,6/8/2001,5/19/2001,BUCK CANYON,0,"MUIR,JUZA,HICKEY",353761,4716311,,353745,4716313,,,,,,,,,,,,,,,,
153.39,F,0,1,60,3.9,63.9,2001,73A,0,Natural,Natural,2.83,3.01,4.43,2.23,54.078,23.94,78.01,SAND HOLLOW,3.9,6/7/2001,8/6/2001,6/3/2001,5/19/2001,SAND HOLLOW,0,"MUIR,SCHWARTZ,HICKEY",354849,4709600,5320,354669,4709827,,,,,,,,,,,,,,,,
153.709,M,1,1,41,9,50,2001,73A,0,Disease,Natural,2.83,3.01,4.43,2.23,54.078,23.94,78.01,BAKER CANYON,9,6/5/2001,7/16/2001,5/27/2001,5/19/2001,BAKER CANYON,0,"HOLLIE,HURLEY",364991,4695850,6500,364567,4695969,,,,,,,,,,,,,,,,
153.06,F,0,1,15,1.35,16.35,2002,56,1,Unknown(,Natural,2.65,4.52,1.32,0,0,0,0,VAN KAMP,1.35,6/5/2002,6/20/2002,6/3/2002,5/19/2002,VAN KAMP,0,"Gunnell,Jared,Chris",329610,4690455,,328798,4690260,,,,,,,,,,,,,,,,Y
153.09,M,1,1,37,1.35,38.35,2002,56,1,Disease/,Natural,2.65,4.52,1.32,0,0,0,0,S. OF WARD CYN,1.35,6/5/2002,7/12/2002,6/3/2002,5/19/2002,S. OF WARD CYN,0,"Olson,Morris",335335,4690773,,335198,4690755,,,,,,,,,,,,,,,,Y
153.11,M,1,1,22,0,22,2002,56,1,Unknown(,Natural,2.65,4.52,1.32,0,0,0,0,VAN/SHIRLEY DIVIDE,0,6/3/2002,6/25/2002,6/3/2002,5/19/2002,VAN/SHIRLEY DIVIDE,0,"Gunnell,Jared,Chris",328749,4692054,,329410,4691857,,,,,,,,,,,,,,,,Y
153.53,F,0,1,10,1.35,11.35,2002,56,1,Unknown(,Natural,2.65,4.52,1.32,0,0,0,0,SIDE CANYON,1.35,6/6/2002,6/16/2002,6/4/2002,5/19/2002,SIDE CANYON,0,"Juza,Muir",341902,4693631,,342146,4693990,,,,,,,,,,,,,,,,Y
153.59,M,1,1,10,1.35,11.35,2002,56,1,Pneumoni,Natural,2.65,4.52,1.32,0,0,0,0,SIDE CANYON,1.35,6/6/2002,6/16/2002,6/4/2002,5/19/2002,SIDE CANYON,0,Juza,341902,4693631,,342129,4693990,,,,,,,,,,,,,,,,Y
153.409,M,1,1,2,3.9,5.9,2002,73A,0,Unknown(,Natural,2.65,4.52,2.66,1.34,101.95,23.94,125.88,SAGEHEN SPRINGS,3.9,6/13/2002,6/15/2002,6/9/2002,5/19/2002,SAGEHEN SPRINGS,0,"Muir,Hickey",0,0,,0,0,,,,,,,,,,,,,,,,Y
153.709,M,1,1,71,3.9,74.9,2002,73A,0,Unknown,Natural,2.65,4.52,2.66,1.34,101.95,23.94,125.88,HAYES CANYON,3.9,6/10/2002,8/20/2002,6/6/2002,5/19/2002,HAYES CANYON,0,"Hurley,Hollie",356737,4698219,,355464,4699192,,,,,,,,,,,,,,,,Y
153.719,F,0,1,2,3.9,5.9,2002,73A,0,exposure,Natural,2.65,4.52,2.66,1.34,101.95,23.94,125.88,DRY CANYON,3.9,6/10/2002,6/12/2002,6/6/2002,5/19/2002,DRY CANYON,0,"Hollie,Muir,Hurley",355892,4706714,,356093,4706453,,,,,,,,,,,,,,,,Y
153.99,M,1,1,22,3.9,25.9,2002,73A,0,Unknown(,Natural,2.65,4.52,2.66,1.34,101.95,23.94,125.88,BAKER CANYON,3.9,6/3/2002,6/25/2002,5/30/2002,5/19/2002,BAKER CANYON,0,"Hurley,Carl",365030,4695925,,364992,4696625,,,,,,,,,,,,,,,,Y
153.47,F,0,1,5,3.9,8.9,1998,73A,0,Swather,Other,6.22,5.6,8.87,7.11,52.31,0,52.31,EAST FORK,3.9,6/20/1998,6/25/1998,6/16/1998,5/19/1998,EAST FORK,0,,351806,4713944,5000,351640,4714219,,,,,,,,,,,,,,,,
153.12,F,0,1,7,6.45,13.45,1999,56,1,PossibleInjury,Other,3.91,4.81,2.64,0,0,0,0,TRAIL CANYON,6.45,6/5/1999,6/12/1999,5/29/1999,5/19/1999,TRAIL CANYON,0,"PARTRIDGE, KAREN F.",0,0,,329441,4690961,,,,,,,,,,,,,,,,
153.52,M,1,1,54,7.73,61.73,1999,73A,0,Injurytoleg,Other,3.91,4.81,14.18,11.54,63.829,14.18,78.01,SAND HOLLOW,7.73,6/14/1999,8/7/1999,6/6/1999,5/19/1999,SAND HOLLOW,0,DENNINGS,0,0,,352456,4710837,,,,,,,,,,,,,,,,
153.54,M,1,1,100,9,109,1999,73A,0,FenceAcc,Other,3.91,4.81,14.18,11.54,63.829,14.18,78.01,SAND HOLLOW,9,6/7/1999,9/15/1999,5/29/1999,5/19/1999,SAND HOLLOW,0,HURLEY,354742,4709773,,353758,4709762,,,,,,,,,,,,,,,,
153.13,M,1,1,37,6.45,43.45,2000,56,1,DomesticDogPred,Other,1.02,3,1.76,0,0,0,0,VAN KAMP CRK,6.45,6/6/2000,7/13/2000,5/30/2000,5/19/2000,VAN KAMP CRK,0,"ELAM,TODD,SMITH,NIEL",0,0,,330630,4688632,,,,,,,,,,,,,,,,
153.58,M,1,1,32,1.35,33.35,2000,56,1,FenceAcc,Other,1.02,3,1.76,0,0,0,0,SIDE CANYON,1.35,6/6/2000,7/8/2000,6/4/2000,5/19/2000,SIDE CANYON,0,"JUZA,ANNA",0,0,,342975,4696490,,,,,,,,,,,,,,,,
153.14,F,0,1,140,3.5,143.5,2002,56,1,LegalHar,Other,2.65,4.52,1.32,0,0,0,0,VAN/SHIRLEY DIVIDE,3.5,6/3/2002,10/21/2002,5/30/2002,5/19/2002,VAN/SHIRLEY DIVIDE,0,"Gunnell,Jared,Chris",0,0,,0,0,,,,,,,,,,,,,,,,Y
153.059,F,0,1,14,16.65,30.65,1998,56,1,Possiblecoyote,Predation,6.22,5.6,1.76,0,0,0,0,S HEGLAR,16.65,7/1/1998,7/15/1998,6/14/1998,5/19/1998,S HEGLAR,0,"HURLEY, ANDERSON",326934,4699969,5500,0,0,,,,,,,,,,,,,,,,
153.231,F,0,1,132,0,132,1998,56,1,Possiblecoyote,Predation,6.22,5.6,1.76,0,0,0,0,FALL CR,0,6/7/1998,10/17/1998,6/7/1998,5/19/1998,FALL CR,0,,0,0,,0,0,,,,,,,,,,,,,,,,
153.21,M,1,1,42,3.9,45.9,1998,73A,0,EaglePre,Predation,6.22,5.6,8.87,7.11,52.31,0,52.31,EAST FORK,3.9,6/10/1998,7/22/1998,6/6/1998,5/19/1998,EAST FORK,0,,351879,4713798,5100,0,0,,,,,,,,,,,,,,,,
153.31,M,1,1,5,11.55,16.55,1999,73A,0,PossibleCoyote,Predation,3.91,4.81,14.18,11.54,63.829,14.18,78.01,LAKE CANYON,11.55,6/9/1999,6/14/1999,5/28/1999,5/19/1999,LAKE CANYON,0,HURLEY,366684,4698100,,366098,4698114,,,,,,,,,,,,,,,,
153.64,F,0,1,11,1.35,12.35,1999,73A,0,PossibleCoyote,Predation,3.91,4.81,14.18,11.54,63.829,14.18,78.01,NICKISCH DRAW?,1.35,6/9/1999,6/20/1999,6/7/1999,5/19/1999,BAKER CANYON,0,"HURLEY, NICKISCH",364919,4693423,,365100,4694316,,,,,,,,,,,,,,,,
153.06,F,0,1,63,6.45,69.45,2000,56,1,UnknownPred,Predation,1.02,3,1.76,0,0,0,0,FALL CR,6.45,6/13/2000,8/15/2000,6/6/2000,5/19/2000,FALL CR,0,"HOLMAN, OLSEN,PRICE",0,0,,331962,4690038,,,,,,,,,,,,,,,,
153.09,M,1,1,106,0,106,2000,56,1,PossibleCoyote,Predation,1.02,3,1.76,0,0,0,0,TWIN CANYONS,0,6/12/2000,9/26/2000,6/12/2000,5/19/2000,TWIN CANYONS,0,"OLSEN,HOLMAN,PRICE",0,0,,338756,4687566,,,,,,,,,,,,,,,,
153.19,F,0,1,100,14.1,114.1,2000,56,1,Possiblecoyote,Predation,1.02,3,1.76,0,0,0,0,VAN KAMP CRK,14.1,6/12/2000,9/20/2000,5/28/2000,5/19/2000,VAN KAMP CRK,0,"GUNNELL, SANDS",0,0,,328985,4687835,,,,,,,,,,,,,,,,
153.22,F,0,1,89,9,98,2000,56,1,UnknownP,Predation,1.02,3,1.76,0,0,0,0,ASPEN MTN,9,6/7/2000,9/4/2000,5/29/2000,5/19/2000,ASPEN MTN,0,"KUCK,HURLEY",346997,4680098,6350,347251,4680571,,,,,,,,,,,,,,,,
153,M,1,1,163,9,172,2000,73A,0,UnknownPred,Predation,1.02,3,8.87,7.11,79.78,14.18,93.97,SAGEHEN SPRINGS,9,6/5/2000,11/15/2000,5/27/2000,5/19/2000,SAGEHEN SPRINGS,0,"GUNNELL, MAC",356616,4686786,5960,352545,4666817,,,,,,,,,,,,,,,,
153.01,F,0,1,107,9,116,2000,73A,0,UnknownPred,Predation,1.02,3,8.87,7.11,79.78,14.18,93.97,SAGEHEN SPRINGS,9,6/5/2000,9/20/2000,5/27/2000,5/19/2000,SAGEHEN SPRINGS,0,"GUNNELL, MAC",356616,4686786,5960,355450,4686663,,,,,,,,,,,,,,,,
153.44,F,0,1,121,6.45,127.45,2000,73A,0,ProbablePred,Predation,1.02,3,8.87,7.11,79.78,14.18,93.97,SAGEHEN SPRINGS,6.45,6/6/2000,10/5/2000,5/30/2000,5/19/2000,SAGEHEN SPRINGS,0, GUNNELL,357892,4688655,6600,357242,4688980,,,,,,,,,,,,,,,,
153.249,M,1,1,5,9,14,2001,56,1,UnknownPred,Predation,2.83,3.01,2.2,0,0,0,0,SUBLETT TROUGHS,9,6/6/2001,6/11/2001,5/28/2001,5/19/2001,SUBLETT TROUGHS,0,"GUNNELL, SEGLUND",343231,4681008,,343135,4680934,,,,,,,,,,,,,,,,
153.34,M,1,1,14,1.35,15.35,2002,56,1,Possiblecoyote,Predation,2.65,4.52,1.32,0,0,0,0,GREEN MTN,1.35,6/4/2002,6/18/2002,6/2/2002,5/19/2002,GREEN MTN,0,"Compton,Anderson",344837,4681410,,344572,4681065,,,,,,,,,,,,,,,,Y
153.58,F,0,1,112,3.9,115.9,2002,56,1,Possiblecoyote,Predation,2.65,4.52,1.32,0,0,0,0,SIDE CANYON,3.9,6/3/2002,9/23/2002,5/30/2002,5/19/2002,SIDE CANYON,0,"Juza,Crawford",342623,4694368,,343427,4694206,,,,,,,,,,,,,,,,Y
153.09,M,1,1,99,11.55,110.55,1999,56,1,Unknown,Unknown,3.91,4.81,2.64,0,0,0,0,WINDY CANYON,11.55,6/13/1999,9/20/1999,6/1/1999,5/19/1999,WINDY CANYON,0,"HURLEY, HANSEN",342962,4694332,5960,343285,4694369,,,,,,,,,,,,,,,,
153.38,F,0,1,147,3.9,150.9,1999,73A,0,Unknown,Unknown,3.91,4.81,14.18,11.54,63.829,14.18,78.01,LAKE CANYON,3.9,6/8/1999,11/2/1999,6/4/1999,5/19/1999,LAKE CANYON,0,"KNICKISCH, CANDERSON",367005,4697526,5640,365998,4696343,,,,,,,,,,,,,,,,
153.55,M,1,1,71,3.9,74.9,1999,73A,0,Unknown,Unknown,3.91,4.81,14.18,11.54,63.829,14.18,78.01,HOLLOW CRK,3.9,6/10/1999,8/20/1999,6/6/1999,5/19/1999,HOLLOW CRK,0,HURLEY,0,0,,0,0,,,,,,,,,,,,,,,,
153.37,F,0,1,125,11.55,136.55,2000,56,1,Unknown,Unknown,1.02,3,1.76,0,0,0,0,SUBLETT TROUGHS,11.55,6/16/2000,10/19/2000,6/4/2000,5/19/2000,SUBLETT TROUGHS,0,"HURLEY,HOLLIE,AMY,PO",343162,4682922,,343455,4682015,,,,,,,,,,,,,,,,
153.27,M,1,1,170,11.55,181.55,2000,73A,0,Unknown,Unknown,1.02,3,8.87,7.11,79.78,14.18,93.97,LAKE CANYON,11.55,6/13/2000,11/30/2000,6/1/2000,5/19/2000,LAKE CANYON,0,"HURLEY,SCOTT,JULES",366110,4697652,,355687,4685395,,,,,,,,,,,,,,,,
153.07,M,1,1,7,1.35,8.35,2002,56,1,Unknown,Unknown,2.65,4.52,1.32,0,0,0,0,VAN KAMP,1.35,6/12/2002,6/19/2002,6/10/2002,5/19/2002,VAN KAMP,0,"Gunnell,Jared,Chris",329653,4689734,,329225,4690509,,,,,,,,,,,,,,,,Y
153.29,M,1,1,6,1.35,7.35,2002,56,1,Unknown,Unknown,2.65,4.52,1.32,0,0,0,0,VAN KAMP,1.35,6/12/2002,6/18/2002,6/10/2002,5/19/2002,VAN KAMP,0,"Gunnell,Jared,Chris",329653,4689734,,329867,4689977,,,,,,,,,,,,,,,,Y
153.33,F,0,1,55,11.55,66.55,2002,73A,0,Unknown,Unknown,2.65,4.52,2.66,1.34,101.95,23.94,125.88,N. STEWART CYN,11.55,6/9/2002,8/3/2002,5/28/2002,5/19/2002,N. STEWART CYN,0,"Clay,Muir",0,0,,357875,4690867,,,,,,,,,,,,,,,,Y
153.87,F,0,1,57,1.35,58.35,2002,73A,0,Probable Coyote,Coyote,2.65,4.52,2.66,1.34,101.95,23.94,125.88,N. STEWART CYN,1.35,6/5/2002,8/1/2002,6/3/2002,5/19/2002,N. STEWART CYN,0,"Muir,Sean",0,0,,351773,4691498,,,,,,,,,,,,,,,,Y
153.053,M,1,1,30,3.9,33.9,1998,73A,0,Unknown,Unknown,6.22,5.6,8.87,7.11,52.31,0,52.31,BAKER CANYON,3.9,6/3/1998,7/3/1998,5/30/1998,5/19/1998,BAKER CANYON,0,HURLEY,365160,4695332,6100,0,0,,,,,,,,,,,,,,,,
